Array,Subject,Group,Time,Batch,MODS,Infection,Sex,Age,ISS,ISS_grp,0_Died_1_Home_2_Transferred,V13,28_days_outcome_Dead_0_Alive_1,MOF_Yes_1_No_0,Infection_Yes_1_No_0,Ethnicity
145_0h,S145,Control,0h,B1,,,Male,27,1,mild_mod,1,,1,0,0,
158_0h,S158,Moderate,0h,B1,,,Male,28,13,mild_mod,2,,1,0,0,
160_0h,S160,Critical,0h,B1,No,No,Male,27,27,critical,2,,1,0,0,Caucasian
227_0h,S227,Moderate,0h,B1,,,Male,39,9,mild_mod,1,,1,0,0,
244_0h,S244,Critical,0h,B1,Yes,Yes,Male,42,25,critical,1,,1,1,1,Caucasian
259_0h,S259,Critical,0h,B1,Yes,No,Female,56,25,critical,2,,1,1,0,Eastern European
303_0h,S303,Critical,0h,B1,No,Yes,Male,35,27,critical,1,,1,1,1,Asian
314_0h,S314,Critical,0h,B1,Yes,Yes,Male,69,38,critical,0,,0,1,1,Caucasian
318_0h,S318,Moderate,0h,B1,,,Male,31,9,mild_mod,1,,1,0,0,
333_0h,S333,Critical,0h,B1,Yes,Yes,Male,18,41,critical,2,,1,1,1,Caucasian
347_0h,S347,Critical,0h,B1,No,Yes,Female,35,45,critical,2,,1,0,1,Caucasian
409_0h,S409,Critical,0h,B1,No,No,Male,17,29,critical,1,,1,0,0,Caucasian
411_0h,S411,Control,0h,B1,,,Male,46,0,mild_mod,1,,1,0,0,
429_0h,S429,Critical,0h,B1,Yes,Yes,Female,38,34,critical,0,,0,1,1,Eastern European
443_0h,S443,Critical,0h,B1,Yes,Yes,Female,24,29,critical,0,,0,1,1,Eastern European
754_0h,S754,Control,0h,B1,,,Male,46,0,mild_mod,1,,1,0,0,
145_24h,S145,Control,24h,B1,,,Male,27,1,mild_mod,1,,1,0,0,
160_24h,S160,Critical,24h,B1,No,No,Male,27,27,critical,2,,1,0,0,Caucasian
172_24h,S172,Critical,24h,B1,Yes,Yes,Male,63,39,critical,2,,1,1,1,Caucasian
185_24h,S185,Moderate,24h,B1,,,Male,23,9,mild_mod,1,,1,0,0,
218_24h,S218,Critical,24h,B1,No,No,Male,17,27,critical,1,,1,0,0,Caucasian
226_24h,S226,Critical,24h,B1,No,No,Male,55,34,critical,1,,1,0,0,Caucasian
227_24h,S227,Moderate,24h,B1,,,Male,39,9,mild_mod,1,,1,0,0,
244_24h,S244,Critical,24h,B1,Yes,Yes,Male,42,25,critical,1,,1,1,1,Caucasian
247_24h,S247,Critical,24h,B1,No,Yes,Male,22,25,critical,2,,1,0,1,Caucasian
251_24h,S251,Critical,24h,B1,Yes,No,Male,17,50,critical,2,,1,1,0,Caucasian
257_24h,S257,Critical,24h,B1,Yes,Yes,Male,67,38,critical,2,,1,1,1,Caucasian
303_24h,S303,Critical,24h,B1,No,Yes,Male,35,27,critical,1,,1,1,1,Asian
314_24h,S314,Critical,24h,B1,Yes,Yes,Male,69,38,critical,0,,0,1,1,Caucasian
327_24h,S327,Critical,24h,B1,Yes,Yes,Female,56,38,critical,2,,1,1,1,Caucasian
354_24h,S354,Critical,24h,B1,Yes,Yes,Male,66,25,critical,0,,0,1,1,Caucasian
411_24h,S411,Control,24h,B1,,,Male,46,0,mild_mod,1,,1,0,0,
514_24h,S514,Critical,24h,B1,No,Yes,Male,26,51,critical,1,,1,0,1,Eastern European
545_24h,S545,Control,24h,B1,,,Male,62,0,mild_mod,1,,1,0,0,
754_24h,S754,Control,24h,B1,,,Male,46,0,mild_mod,1,,1,0,0,
97_72h,S97,Moderate,72h,B1,,,Male,37,9,mild_mod,1,,1,0,0,
145_72h,S145,Control,72h,B1,,,Male,27,1,mild_mod,1,,1,0,0,
156_72h,S156,Critical,72h,B1,No,No,Male,54,26,critical,1,,1,0,0,Caucasian
226_72h,S226,Critical,72h,B1,No,No,Male,55,34,critical,1,,1,0,0,Caucasian
242_72h,S242,Control,72h,B1,,,Female,33,2,mild_mod,1,,1,0,0,
247_72h,S247,Critical,72h,B1,No,Yes,Male,22,25,critical,2,,1,0,1,Caucasian
257_72h,S257,Critical,72h,B1,Yes,Yes,Male,67,38,critical,2,,1,1,1,Caucasian
259_72h,S259,Critical,72h,B1,Yes,No,Female,56,25,critical,2,,1,1,0,Eastern European
328_72h,S328,Critical,72h,B1,No,Yes,Female,51,29,critical,1,,1,0,1,Caucasian
418_72h,S418,Critical,72h,B1,No,No,Male,23,29,critical,1,,1,0,0,Asian
443_72h,S443,Critical,72h,B1,Yes,Yes,Female,24,29,critical,0,,0,1,1,Eastern European
514_72h,S514,Critical,72h,B1,No,Yes,Male,26,51,critical,1,,1,0,1,Eastern European
545_72h,S545,Control,72h,B1,,,Male,62,0,mild_mod,1,,1,0,0,
754_72h,S754,Control,72h,B1,,,Male,46,0,mild_mod,1,,1,0,0,
97_0h,S97,Moderate,0h,B2,,,Male,37,9,mild_mod,1,,1,0,0,
124_0h,S124,Control,0h,B2,,,Male,22,4,mild_mod,1,,1,0,0,
156_0h,S156,Critical,0h,B2,No,No,Male,54,26,critical,1,,1,0,0,Caucasian
178_0h,S178,Critical,0h,B2,No,No,Male,44,33,critical,1,,1,0,0,Caucasian
183_0h,S183,Critical,0h,B2,Yes,Yes,Male,52,38,critical,2,,1,1,1,Caucasian
185_0h,S185,Moderate,0h,B2,,,Male,23,9,mild_mod,1,,1,0,0,
218_0h,S218,Critical,0h,B2,No,No,Male,17,27,critical,1,,1,0,0,Caucasian
242_0h,S242,Control,0h,B2,,,Female,33,2,mild_mod,1,,1,0,0,
247_0h,S247,Critical,0h,B2,No,Yes,Male,22,25,critical,2,,1,0,1,Caucasian
251_0h,S251,Critical,0h,B2,Yes,No,Male,17,50,critical,2,,1,1,0,Caucasian
257_0h,S257,Critical,0h,B2,Yes,Yes,Male,67,38,critical,2,,1,1,1,Caucasian
327_0h,S327,Critical,0h,B2,Yes,Yes,Female,56,38,critical,2,,1,1,1,Caucasian
328_0h,S328,Critical,0h,B2,No,Yes,Female,51,29,critical,1,,1,0,1,Caucasian
349_0h,S349,Critical,0h,B2,No,Yes,Male,40,33,critical,2,,1,0,1,Caucasian
354_0h,S354,Critical,0h,B2,Yes,Yes,Male,66,25,critical,0,,0,1,1,Caucasian
387_0h,S387,Critical,0h,B2,No,No,Male,30,27,critical,2,,1,0,0,Black African
418_0h,S418,Critical,0h,B2,No,No,Male,23,29,critical,1,,1,0,0,Asian
427_0h,S427,Critical,0h,B2,No,Yes,Male,23,25,critical,1,,1,0,1,Black African
514_0h,S514,Critical,0h,B2,No,Yes,Male,26,51,critical,1,,1,0,1,Eastern European
748_0h,S748,Critical,0h,B2,No,Yes,Male,37,34,critical,1,,1,0,1,Caucasian
97_24h,S97,Moderate,24h,B2,,,Male,37,9,mild_mod,1,,1,0,0,
124_24h,S124,Control,24h,B2,,,Male,22,4,mild_mod,1,,1,0,0,
156_24h,S156,Critical,24h,B2,No,No,Male,54,26,critical,1,,1,0,0,Caucasian
158_24h,S158,Moderate,24h,B2,,,Male,28,13,mild_mod,2,,1,0,0,
178_24h,S178,Critical,24h,B2,No,No,Male,44,33,critical,1,,1,0,0,Caucasian
183_24h,S183,Critical,24h,B2,Yes,Yes,Male,52,38,critical,2,,1,1,1,Caucasian
242_24h,S242,Control,24h,B2,,,Female,33,2,mild_mod,1,,1,0,0,
259_24h,S259,Critical,24h,B2,Yes,No,Female,56,25,critical,2,,1,1,0,Eastern European
318_24h,S318,Moderate,24h,B2,,,Male,31,9,mild_mod,1,,1,0,0,
333_24h,S333,Critical,24h,B2,Yes,Yes,Male,18,41,critical,2,,1,1,1,Caucasian
347_24h,S347,Critical,24h,B2,No,Yes,Female,35,45,critical,2,,1,0,1,Caucasian
349_24h,S349,Critical,24h,B2,No,Yes,Male,40,33,critical,2,,1,0,1,Caucasian
387_24h,S387,Critical,24h,B2,No,No,Male,30,27,critical,2,,1,0,0,Black African
409_24h,S409,Critical,24h,B2,No,No,Male,17,29,critical,1,,1,0,0,Caucasian
418_24h,S418,Critical,24h,B2,No,No,Male,23,29,critical,1,,1,0,0,Asian
427_24h,S427,Critical,24h,B2,No,Yes,Male,23,25,critical,1,,1,0,1,Black African
429_24h,S429,Critical,24h,B2,Yes,Yes,Female,38,34,critical,0,,0,1,1,Eastern European
443_24h,S443,Critical,24h,B2,Yes,Yes,Female,24,29,critical,0,,0,1,1,Eastern European
124_72h,S124,Control,72h,B2,,,Male,22,4,mild_mod,1,,1,0,0,
158_72h,S158,Moderate,72h,B2,,,Male,28,13,mild_mod,2,,1,0,0,
160_72h,S160,Critical,72h,B2,No,No,Male,27,27,critical,2,,1,0,0,Caucasian
172_72h,S172,Critical,72h,B2,Yes,Yes,Male,63,39,critical,2,,1,1,1,Caucasian
178_72h,S178,Critical,72h,B2,No,No,Male,44,33,critical,1,,1,0,0,Caucasian
185_72h,S185,Moderate,72h,B2,,,Male,23,9,mild_mod,1,,1,0,0,
227_72h,S227,Moderate,72h,B2,,,Male,39,9,mild_mod,1,,1,0,0,
244_72h,S244,Critical,72h,B2,Yes,Yes,Male,42,25,critical,1,,1,1,1,Caucasian
251_72h,S251,Critical,72h,B2,Yes,No,Male,17,50,critical,2,,1,1,0,Caucasian
303_72h,S303,Critical,72h,B2,No,Yes,Male,35,27,critical,1,,1,1,1,Asian
314_72h,S314,Critical,72h,B2,Yes,Yes,Male,69,38,critical,0,,0,1,1,Caucasian
318_72h,S318,Moderate,72h,B2,,,Male,31,9,mild_mod,1,,1,0,0,
327_72h,S327,Critical,72h,B2,Yes,Yes,Female,56,38,critical,2,,1,1,1,Caucasian
333_72h,S333,Critical,72h,B2,Yes,Yes,Male,18,41,critical,2,,1,1,1,Caucasian
347_72h,S347,Critical,72h,B2,No,Yes,Female,35,45,critical,2,,1,0,1,Caucasian
349_72h,S349,Critical,72h,B2,No,Yes,Male,40,33,critical,2,,1,0,1,Caucasian
354_72h,S354,Critical,72h,B2,Yes,Yes,Male,66,25,critical,0,,0,1,1,Caucasian
409_72h,S409,Critical,72h,B2,No,No,Male,17,29,critical,1,,1,0,0,Caucasian
411_72h,S411,Control,72h,B2,,,Male,46,0,mild_mod,1,,1,0,0,
427_72h,S427,Critical,72h,B2,No,Yes,Male,23,25,critical,1,,1,0,1,Black African
429_72h,S429,Critical,72h,B2,Yes,Yes,Female,38,34,critical,0,,0,1,1,Eastern European
748_72h,S748,Critical,72h,B2,No,Yes,Male,37,34,critical,1,,1,0,1,Caucasian
